,cumulative_reward,succeed,actor_loss,critic_loss,average_reward
0,61.0,False,3.3142056465148926,32.67295455932617,1.22
1,137.0,True,4.60916805267334,49.859371185302734,2.74
2,145.0,True,6.608366966247559,113.99764251708984,2.9
3,139.0,True,13.772786140441895,190.9010467529297,2.78
4,24.0,False,-22.029945373535156,447.90130615234375,0.48
5,163.0,True,1.9127368927001953,27.056358337402344,3.26
6,148.0,True,3.52925443649292,55.00782012939453,2.96
