{"timestamps": [1643529281.999528, 1643529288.227489, 1643529294.720251, 1643529302.027915, 1643529311.535965, 1643529322.40945, 1643529335.598411, 1643529349.044924, 1643529364.65685, 1643529380.528916, 1643529397.992991, 1643529416.324408, 1643529437.369737, 1643529458.316908, 1643529482.499012, 1643529508.201448, 1643529534.237551, 1643529561.00061, 1643529590.988638, 1643529617.711573, 1643529644.951134, 1643529673.308637, 1643529702.822658, 1643529732.814021, 1643529764.479619, 1643529796.714257, 1643529829.416321, 1643529863.196819, 1643529897.981442, 1643529933.999835, 1643529971.45504, 1643530010.847283, 1643530051.572617, 1643530093.427341, 1643530138.015549, 1643530187.656245, 1643530242.654381, 1643530296.981312, 1643530348.307901, 1643530414.543939, 1643530471.361744, 1643530538.929305, 1643530603.170203, 1643530670.738036, 1643530739.12846, 1643530806.37498, 1643530875.627496, 1643530949.460932, 1643531020.609591, 1643531096.871373], "initial_reset_timestamp": 1643529277.449445, "episode_types": ["t", "t", "t", "t", "t", "t", "t", "t", "t", "t", "t", "t", "t", "t", "t", "t", "t", "t", "t", "t", "t", "t", "t", "t", "t", "t", "t", "t", "t", "t", "t", "t", "t", "t", "t", "t", "t", "t", "t", "t", "t", "t", "t", "t", "t", "t", "t", "t", "t", "t"], "episode_lengths": [22, 25, 22, 19, 26, 28, 36, 25, 29, 20, 23, 22, 31, 19, 35, 37, 28, 24, 32, 24, 40, 36, 32, 20, 26, 19, 18, 16, 16, 22, 25, 33, 27, 20, 41, 19, 26, 28, 23, 24, 38, 28, 23, 25, 38, 24, 20, 29, 24, 34], "episode_rewards": [980.8362180820432, 1210.28854811776, 887.1682867813306, 690.452849362588, 1276.2508591737974, 1476.442818267196, 2250.9502871032482, 1175.7903945496873, 1571.4707094483701, 776.0332610385931, 1032.5589235654932, 957.012186667537, 1794.872197941028, 668.2873915906875, 2167.149762452151, 2378.3092327543923, 1512.2294748680047, 1035.0363145476833, 1860.865758290608, 1110.7430025273156, 2574.099749168153, 2213.639854181214, 1833.6495695793142, 733.32118231205, 1318.5899079316164, 662.2974405089165, 339.01224498351075, 404.4790468877311, 393.4870044694562, 946.6962442759791, 1239.7808533618559, 1989.8678580001856, 1399.4001085456048, 730.1394738616541, 2696.3612178298067, 505.3200103852041, 1328.1342778728058, 1458.3975473003466, 1051.9453656287624, 1154.0952326708866, 2462.159324067767, 1477.5403680501531, 1058.9682343792488, 1235.0177752811996, 2291.4098697440654, 1106.9506644439102, 758.7531566787236, 1573.7794460144178, 1122.6137858396005, 2109.7147420963747]}