,cumulative_reward,succeed,actor_loss,critic_loss
0,34.0,False,34.0538330078125,417.2073059082031
1,10.0,False,5.858466625213623,61.52344512939453
2,0.0,False,8.692421913146973,30.875789642333984
