,cumulative_reward,succeed,actor_loss,critic_loss
0,50.0,False,41.04972457885742,624.738525390625
1,26.0,False,2.2911975383758545,79.96233367919922
2,30.0,False,30.713754653930664,380.0758972167969
