,cumulative_reward,succeed,actor_loss,critic_loss
0,-17.41345687777025,False,-16.098365783691406,59.199119567871094
1,-22.686930249094367,False,-19.278024673461914,86.40653991699219
2,-15.217513380075502,False,-12.947240829467773,41.556854248046875
