,cumulative_reward,succeed,actor_loss,critic_loss,average_reward
0,16.0,False,21.79545783996582,110.2664566040039,0.4
1,-10.0,False,-18.1712703704834,68.69219207763672,-0.25
2,10.0,False,9.895236015319824,26.25336265563965,0.25
3,2.0,False,-0.0531070716679096,5.015543460845947,0.05
4,-14.0,False,-8.24731731414795,42.38198471069336,-0.35
5,14.0,False,19.337787628173828,89.89556121826172,0.35
6,-2.0,False,-0.0017689066007733345,0.9980351328849792,-0.05
