{"timestamps": [1643533394.801572, 1643533399.738559, 1643533404.711978, 1643533410.652979, 1643533417.218037, 1643533424.859039, 1643533434.079221, 1643533445.154049, 1643533456.378494, 1643533469.087342, 1643533483.703113, 1643533497.874798], "initial_reset_timestamp": 1643533392.206563, "episode_types": ["t", "t", "t", "t", "t", "t", "t", "t", "t", "t", "t", "t"], "episode_lengths": [39, 81, 37, 37, 25, 23, 41, 72, 33, 62, 43, 26], "episode_rewards": [2483.712069755559, 6261.947267345936, 2207.407525237537, 2298.885697935194, 1122.5921989007493, 1033.7363605601934, 2579.6996458365343, 5637.146487495437, 1905.3727602512577, 4570.452588037877, 2847.8925999111266, 859.110660435761]}